0,https://trunkrs.nl
1,https://nationex.com
2,https://aegea.com.br
3,https://trusk.com
4,https://discovergy.com
5,https://box2home.fr
6,https://gangabox.com
7,https://fdlgroup.gr
8,https://shinsen.ch
9,https://r2m.co.il
10,https://grupomox.com
11,https://lestetelecom.com.br
12,https://oreco.pl
13,https://jcs.pt
14,https://edigital.hu
15,https://jespersplanteskole.dk
16,https://gardssallskapet.se
17,https://soplaya.com
18,https://kvisi.com
19,https://refruiting.com
20,https://durst.shop
21,https://maison-entraide.org
0,https://trunkrs.nl
1,https://nationex.com
2,https://aegea.com.br
3,https://trusk.com
7,https://fdlgroup.gr
9,https://r2m.co.il
