0,https://www.flagshipcompany.com/alberta-shipping-courier-services/
1,https://selectdelivery.net/alberta-delivery-service/
2,https://www.purolator.com/en
3,https://www.acecourier.bc.ca/
24,https://www.westmancourier.com/
112,https://tnnparcelexpress.com/
13,https://www.kiddcurryexpress.com/
21,https://www.parcelforce.com/worldwide-directory/american-samoa
36,https://www.linkedin.com/company/eastern-arizona-courier
38,https://www.mondotimes.com/1/world/us/3/141/188
64,https://www.ycs570.com/
96,https://www.linkedin.com/company/dc-courier-services
100,https://www.easyship.com/countries/shipping-to-micronesia
122,https://gahistoricnewspapers.galileo.usg.edu/lccn/sn82015765/
138,https://www.securitycourierserviceofhawaii.com/
151,https://www.hammondelivers.com/
152,https://www.manta.com/mb_45_B50D7000_13/courier_services_except_by_air/idaho
181,https://www.linkedin.com/company/waterloo-cedar-falls-courier
191,https://www.linkedin.com/company/via-bancourier-inc-/
203,https://www.linkedin.com/company/courierjournal
215,https://www.mainecouriers.com/our-services
218,https://www.linkedin.com/company/maine-couriers-limited
220,https://www.dnb.com/business-directory/company-profiles.maine_couriers_limited.e12168c27a0a7c0c9c28dabc3f1d9333.html
222,http://www.maineparcel.com/
228,https://www.bwacourier.com/
266,https://www.ezcourier.com/state/mississippi.php
267,https://www.ziprecruiter.com/Jobs/Independent-Courier/--in-Mississippi
274,https://preferredcourierservices.com/
279,https://www.stlarchexpress.com/
284,https://www.montanas.ca/en.html
290,https://www.doordash.com/business/montana-s-bbq-bar-23439/
315,https://www.manta.com/mb_45_B50D7000_30/courier_services_except_by_air/new_hampshire
319,https://www.ezcourier.com/state/new_hampshire.php
323,https://econo-courier.com/services/courier-services/
353,https://www.charlottecourierservices.com/
361,https://mikesparcelpickup.com/
367,https://www.parcelforce.com/worldwide-directory/northern-mariana-islands
